Name,Hex,R,G,B,Source
Absolute Zero,#0048BA,0,71,186,Crayola
Acid green,#B0BF1A,176,191,26,Art Paints YG07S
Aero,#7CB9E8,125,186,232,Maerz and Paul
African violet,#B284BE,179,133,191,Pantone
Air superiority blue,#72A0C1,115,161,194,Federal Standard 595
Alice blue,#F0F8FF,240,247,255,X11/Web
Alizarin,#DB2D43,219,46,66,Maerz and Paul
Alloy orange,#C46210,196,97,15,Crayola
Almond,#EFDECD,240,222,204,Crayola
Amaranth deep purple,#9F2B68,158,43,105,Maerz and Paul
Amaranth pink,#F19CBB,242,156,186,Maerz and Paul
Amaranth purple,#AB274F,171,38,79,Maerz and Paul
Amazon,#3B7A57,59,122,87,Xona.com
Amber,#FFBF00,255,191,0,RGB color model
Amethyst,#9966CC,153,102,204,X11/Web
Android green,#3DDC84,61,219,135,Google
Antique brass,#CD9575,204,148,117,Crayola
Antique bronze,#665D1E,102,92,31,ISCC-NBS
Antique fuchsia,#915C83,145,92,130,Plochere
Antique ruby,#841B2D,133,28,46,ISCC-NBS
Antique white,#FAEBD7,250,235,214,X11/Web
Apricot,#FBCEB1,250,207,176,Maerz and Paul
Aqua,#00FFFF,0,255,255,X11/Web
Aquamarine,#7FFFD4,128,255,212,X11/Web
Arctic lime,#D0FF14,209,255,20,Crayola
Artichoke green,#4B6F44,74,112,69,Pantone
Arylide yellow,#E9D66B,232,214,107,ColorHexa
Ash gray,#B2BEB5,179,191,181,ISCC-NBS
Atomic tangerine,#FF9966,255,153,102,Crayola
Aureolin,#FDEE00,252,237,0,X11/Web
Azure,#007FFF,0,128,255,RGB color model
Azure (X11/web color),#F0FFFF,240,255,255,X11/Web
Baby blue,#89CFF0,138,207,240,Maerz and Paul
Baby blue eyes,#A1CAF1,161,201,242,Plochere
Baby pink,#F4C2C2,245,194,194,ISCC-NBS
Baby powder,#FEFEFA,255,255,250,Crayola
Baker-Miller pink,#FF91AF,255,145,176,Byrne
Banana Mania,#FAE7B5,250,232,181,Crayola
Barbie Pink,#DA1884,217,23,133,Mattel
Barn red,#7C0A02,125,10,3,Milk Paint
Battleship grey,#848482,133,133,130,ISCC-NBS
Beau blue,#BCD4E6,189,212,230,Plochere
Beaver,#9F8170,158,130,112,Crayola
Beige,#F5F5DC,245,245,219,X11/Web
B'dazzled blue,#2E5894,46,89,148,Crayola
Big dip o’ruby,#9C2542,156,38,66,Crayola
Bisque,#FFE4C4,255,227,196,X11/Web
Bistre,#3D2B1F,61,43,31,99colors.net
Bistre brown,#967117,150,112,23,ISCC-NBS
Bitter lemon,#CAE00D,201,224,13,Xona.com
Black,#000000,0,0,0,RGB color model
Black bean,#3D0C02,61,13,3,Xona.com
Black coral,#54626F,84,97,112,Crayola
Black olive,#3B3C36,59,61,54,RAL
Black Shadows,#BFAFB2,191,176,179,Crayola
Blanched almond,#FFEBCD,255,235,204,X11/Web
Blast-off bronze,#A57164,166,112,99,Crayola
Bleu de France,#318CE7,48,140,232,Pourpre.com
Blizzard blue,#ACE5EE,171,230,237,Crayola
Blood red,#660000,102,0,0,Thom Poole
Blue,#0000FF,0,0,255,X11/Web
Blue (Crayola),#1F75FE,31,117,255,Crayola
Blue (Munsell),#0093AF,0,148,176,Munsell color wheel
Blue (NCS),#0087BD,0,135,189,Natural color system
Blue (Pantone),#0018A8,0,23,168,Pantone
Blue (pigment),#333399,51,51,153,CMYK color model
Blue bell,#A2A2D0,163,163,209,Crayola
Blue-gray (Crayola),#6699CC,102,153,204,Crayola
Blue jeans,#5DADEC,92,173,237,Crayola
Blue sapphire,#126180,18,97,128,Pantone
Blue-violet,#8A2BE2,138,43,227,X11/Web
Blue yonder,#5072A7,79,115,166,Pantone
Bluetiful,#3C69E7,61,105,232,Crayola
Blush,#DE5D83,222,92,130,Crayola
Bole,#79443B,120,69,59,ISCC-NBS
Bone,#E3DAC9,227,217,201,Kelly-Moore
Brick red,#CB4154,204,64,84,Crayola
Bright lilac,#D891EF,217,145,240,Crayola
Bright yellow (Crayola),#FFAA1D,255,171,28,Crayola
Bronze,#CD7F32,204,128,51,Maerz and Paul
Brown sugar,#AF6E4D,176,110,77,Crayola
Bud green,#7BB661,122,181,97,Pantone
Buff,#FFC680,255,199,128,Maerz and Paul
Burgundy,#800020,128,0,33,Maerz and Paul
Burlywood,#DEB887,222,184,135,X11/Web
Burnished brown,#A17A74,161,122,115,Crayola
Burnt orange,#CC5500,204,84,0,University of Texas at Austin
Burnt sienna,#E97451,232,115,82,Ferrario 1919
Burnt umber,#8A3324,138,51,36,Xona.com
Byzantine,#BD33A4,189,51,163,Maerz and Paul
Byzantium,#702963,112,41,99,ISCC-NBS
Cadet blue,#5F9EA0,94,158,161,X11/Web
Cadet grey,#91A3B0,145,163,176,ISCC-NBS
Cadmium green,#006B3C,0,107,61,ISCC-NBS
Cadmium orange,#ED872D,237,135,46,ISCC-NBS
Café au lait,#A67B5B,166,122,92,ISCC-NBS
Café noir,#4B3621,74,54,33,ISCC-NBS
Cambridge blue,#A3C1AD,163,194,173,University of Cambridge
Camel,#C19A6B,194,153,107,ISCC-NBS
Cameo pink,#EFBBCC,240,186,204,ISCC-NBS
Canary,#FFFF99,255,255,153,Crayola
Canary yellow,#FFEF00,255,240,0,CMYK color model
Candy pink,#E4717A,227,112,122,ISCC-NBS
Cardinal,#C41E3A,196,31,59,Maerz and Paul
Caribbean green,#00CC99,0,204,153,Crayola
Carmine,#960018,150,0,23,Pourpre.com
Carmine (M&P),#D70040,214,0,64,Maerz and Paul
Carnation pink,#FFA6C9,255,166,201,Crayola
Carnelian,#B31B1B,179,28,28,Cornell University
Carolina blue,#56A0D3,87,161,212,University of North Carolina
Carrot orange,#ED9121,237,145,33,Maerz and Paul
Catawba,#703642,112,54,66,Maerz and Paul
Cedar Chest,#C95A49,201,89,74,Crayola
Celadon,#ACE1AF,171,224,176,encycolorpedia.com
Celeste,#B2FFFF,179,255,255,Fantetti and Petracchi
Cerise,#DE3163,222,48,99,Maerz and Paul
Cerulean,#007BA7,0,122,166,Maerz and Paul
Cerulean blue,#2A52BE,41,82,191,Maerz and Paul
Cerulean frost,#6D9BC3,110,156,194,Crayola
Cerulean (Crayola),#1DACD6,28,171,214,Crayola
Champagne,#F7E7CE,247,232,207,Maerz and Paul
Champagne pink,#F1DDCF,242,222,207,Pantone
Charcoal,#36454F,54,69,79,ISCC-NBS
Charm pink,#E68FAC,230,143,171,Plochere
Chartreuse (web),#80FF00,128,255,0,RGB color model
Cherry blossom pink,#FFB7C5,255,184,196,Maerz and Paul
Chestnut,#954535,148,69,54,Maerz and Paul
Chili red,#E23D28,227,61,41,Flag of South Africa
China pink,#DE6FA1,222,112,161,Plochere
Chinese red,#AA381E,171,56,31,ISCC-NBS
Chinese violet,#856088,133,97,135,Pantone
Chinese yellow,#FFB200,255,179,0,ISCC-NBS
Chocolate (traditional),#7B3F00,122,64,0,Maerz and Paul
Chocolate (web),#D2691E,209,105,31,X11/Web
Cinereous,#98817B,153,130,122,Maerz and Paul
Cinnabar,#E34234,227,66,51,Maerz and Paul
Cinnamon Satin,#CD607E,204,97,125,Crayola
Citrine,#E4D00A,227,209,10,Maerz and Paul
Citron,#9FA91F,158,168,31,Xona.com
Claret,#7F1734,128,23,51,Xona.com
Coffee,#6F4E37,112,79,56,ISCC-NBS
Columbia Blue,#B9D9EB,186,217,235,Columbia University
Congo pink,#F88379,247,130,120,ISCC-NBS
Cool grey,#8C92AC,140,145,171,ISCC-NBS
Copper,#B87333,184,115,51,Maerz and Paul
Copper (Crayola),#DA8A67,217,138,102,Crayola
Copper penny,#AD6F69,173,112,105,Crayola
Copper red,#CB6D51,204,110,82,ISCC-NBS
Copper rose,#996666,153,102,102,99colors.net
Coquelicot,#FF3800,255,56,0,ColorHexa
Coral,#FF7F50,255,128,79,X11/Web
Coral pink,#F88379,247,130,120,ISCC-NBS
Cordovan,#893F45,138,64,69,Pantone
Corn,#FBEC5D,250,237,92,Maerz and Paul
Cornflower blue,#6495ED,99,148,237,X11/Web
Cornsilk,#FFF8DC,255,247,219,X11/Web
Cosmic cobalt,#2E2D88,46,46,135,Crayola
Cosmic latte,#FFF8E7,255,247,232,Glazebrook and Baldry
Coyote brown,#81613C,130,97,61,colorcode.is
Cotton candy,#FFBCD9,255,189,217,Crayola
Cream,#FFFDD0,255,252,209,Maerz and Paul
Crimson,#DC143C,219,20,61,X11/Web
Crimson (UA),#9E1B32,158,28,51,University of Alabama
Cultured Pearl,#F5F5F5,245,245,245,Crayola
Cyan,#00FFFF,0,255,255,X11/Web
Cyan (process),#00B7EB,0,184,235,CMYK color model
Cyber grape,#58427C,89,66,125,Crayola
Cyber yellow,#FFD300,255,212,0,Pantone
Cyclamen,#F56FA1,245,112,161,Crayola
Dark brown,#654321,102,66,33,X11/Web
Dark byzantium,#5D3954,92,56,84,ISCC-NBS
Dark cyan,#008B8B,0,140,140,X11/Web
Dark electric blue,#536878,84,105,120,ISCC-NBS
Dark goldenrod,#B8860B,184,135,10,X11/Web
Dark green (X11),#006400,0,99,0,X11/Web
Dark jungle green,#1A2421,26,36,33,ISCC-NBS
Dark khaki,#BDB76B,189,184,107,X11/Web
Dark lava,#483C32,71,61,51,ISCC-NBS
Dark liver (horses),#543D37,84,61,56,"University of California, Davis"
Dark magenta,#8B008B,140,0,140,X11/Web
Dark olive green,#556B2F,84,107,46,X11/Web
Dark orange,#FF8C00,255,140,0,X11/Web
Dark orchid,#9932CC,153,51,204,X11/Web
Dark purple,#301934,48,26,51,ISCC-NBS
Dark red,#8B0000,140,0,0,X11/Web
Dark salmon,#E9967A,232,150,122,X11/Web
Dark sea green,#8FBC8F,143,189,143,X11/Web
Dark sienna,#3C1414,61,20,20,ISCC-NBS
Dark sky blue,#8CBED6,140,191,214,Pantone
Dark slate blue,#483D8B,71,61,140,X11/Web
Dark slate gray,#2F4F4F,46,79,79,X11/Web
Dark spring green,#177245,23,115,69,X11/Web
Dark turquoise,#00CED1,0,207,209,X11/Web
Dark violet,#9400D3,148,0,212,X11/Web
Davy's grey,#555555,84,84,84,ISCC-NBS
Deep cerise,#DA3287,217,51,135,Crayola
Deep champagne,#FAD6A5,250,214,166,ISCC-NBS
Deep chestnut,#B94E48,186,79,71,Crayola
Deep jungle green,#004B49,0,74,74,ISCC-NBS
Deep pink,#FF1493,255,20,148,X11/Web
Deep saffron,#FF9933,255,153,51,Flag of India
Deep sky blue,#00BFFF,0,191,255,X11/Web
Deep Space Sparkle,#4A646C,74,99,107,Crayola
Deep taupe,#7E5E60,125,94,97,Pantone
Denim,#1560BD,20,97,189,Crayola
Denim blue,#2243B6,33,66,181,Crayola
Desert,#C19A6B,194,153,107,ISCC-NBS
Desert sand,#EDC9AF,237,201,176,Crayola
Dim gray,#696969,105,105,105,X11/Web
Dodger blue,#1E90FF,31,143,255,X11/Web
Drab dark brown,#4A412A,74,64,41,Pantone
Duke blue,#00009C,0,0,156,Duke University
Dutch white,#EFDFBB,240,222,186,Resene
Ebony,#555D50,84,92,79,Maerz and Paul
Ecru,#C2B280,194,179,128,ISCC-NBS
Eerie black,#1B1B1B,28,28,28,Crayola
Eggplant,#614051,97,64,82,Crayola
Eggshell,#F0EAD6,240,235,214,ISCC-NBS
Electric lime,#CCFF00,204,255,0,Crayola
Electric purple,#BF00FF,191,0,255,X11/Web
Electric violet,#8F00FF,143,0,255,ISCC-NBS
Emerald,#50C878,79,199,120,Maerz and Paul
Eminence,#6C3082,107,48,130,Xona.com
English lavender,#B48395,181,130,148,Pantone
English red,#AB4B52,171,74,82,ISCC-NBS
English vermillion,#CC474B,204,71,74,Crayola
English violet,#563C5C,87,61,92,ISCC-NBS
Erin,#00FF40,0,255,64,Maerz and Paul
Eton blue,#96C8A2,150,199,163,Eton College
Fallow,#C19A6B,194,153,107,ISCC-NBS
Falu red,#801818,128,23,23,ColorHexa
Fandango,#B53389,181,51,138,Maerz and Paul
Fandango pink,#DE5285,222,82,133,Pantone
Fawn,#E5AA70,230,171,112,X11/Web
Fern green,#4F7942,79,120,66,Maerz and Paul
Field drab,#6C541E,107,84,31,ISCC-NBS
Fiery rose,#FF5470,255,84,112,Crayola
Finn,#683068,105,48,105,hexcolor.co
Firebrick,#B22222,179,33,33,X11/Web
Fire engine red,#CE2029,207,33,41,findthedata.com
Flame,#E25822,227,89,33,ISCC-NBS
Flax,#EEDC82,237,219,130,Maerz and Paul
Flirt,#A2006D,163,0,110,Xona.com
Floral white,#FFFAF0,255,250,240,X11/Web
Forest green (web),#228B22,33,140,33,X11/Web
French beige,#A67B5B,166,122,92,ISCC-NBS
French bistre,#856D4D,133,110,77,Pourpre.com
French blue,#0072BB,0,115,186,Maerz and Paul
French fuchsia,#FD3F92,252,64,145,Pourpre.com
French lilac,#86608E,135,97,143,ISCC-NBS
French lime,#9EFD38,158,252,56,Pourpre.com
French mauve,#D473D4,212,115,212,Pourpre.com
French pink,#FD6C9E,252,107,158,Pourpre.com
French raspberry,#C72C48,199,43,71,Pourpre.com
French sky blue,#77B5FE,120,181,255,Pourpre.com
French violet,#8806CE,135,5,207,Pourpre.com
Frostbite,#E936A7,232,54,166,Crayola
Fuchsia,#FF00FF,255,0,255,X11/Web
Fuchsia (Crayola),#C154C1,194,84,194,Crayola
Fulvous,#E48400,227,133,0,99colors.net
Fuzzy Wuzzy,#87421F,135,66,31,Crayola
Gainsboro,#DCDCDC,219,219,219,
Gamboge,#E49B0F,227,156,15,
Generic viridian,#007F66,0,128,102,
Ghost white,#F8F8FF,247,247,255,
Glaucous,#6082B6,97,130,181,
Glossy grape,#AB92B3,171,145,179,
GO green,#00AB66,0,171,102,
Gold (metallic),#D4AF37,212,176,56,
Gold (web) (Golden),#FFD700,255,214,0,
Gold (Crayola),#E6BE8A,230,191,138,
Gold Fusion,#85754E,133,117,79,
Golden brown,#996515,153,102,20,
Golden poppy,#FCC200,252,194,0,
Golden yellow,#FFDF00,255,222,0,
Goldenrod,#DAA520,217,166,33,
Gotham green,#00573F,0,87,64,
Granite gray,#676767,102,102,102,
Granny Smith apple,#A8E4A0,168,227,161,
Gray (web),#808080,128,128,128,
Gray (X11 gray),#BEBEBE,191,191,191,
Green,#00FF00,0,255,0,
Green (Crayola),#1CAC78,28,171,120,
Green (web),#008000,0,128,0,
Green (Munsell),#00A877,0,168,120,
Green (NCS),#009F6B,0,158,107,
Green (Pantone),#00AD43,0,173,66,
Green (pigment),#00A550,0,166,79,
Green-blue,#1164B4,18,99,181,
Green Lizard,#A7F432,166,245,51,
Green Sheen,#6EAEA1,110,173,161,
Gunmetal,#2a3439,41,51,56,
Hansa yellow,#E9D66B,232,214,107,
Harlequin,#3FFF00,64,255,0,
Harvest gold,#DA9100,217,145,0,
Heat Wave,#FF7A00,255,122,0,
Heliotrope,#DF73FF,222,115,255,
Heliotrope gray,#AA98A9,171,153,168,
Hollywood cerise,#F400A1,245,0,161,
Honolulu blue,#006DB0,0,110,176,
Hooker's green,#49796B,74,120,107,
Hot magenta,#FF1DCE,255,28,207,
Hot pink,#FF69B4,255,105,181,
Hunter green,#355E3B,54,94,59,
Iceberg,#71A6D2,112,166,209,
Illuminating emerald,#319177,48,145,120,
Imperial red,#ED2939,237,41,56,
Inchworm,#B2EC5D,179,237,92,
Independence,#4C516D,77,82,110,
India green,#138808,18,135,8,
Indian red,#CD5C5C,204,92,92,
Indian yellow,#E3A857,227,168,87,
Indigo,#4B0082,74,0,130,
Indigo dye,#00416A,0,64,107,
International Klein Blue,#130a8f,18,10,143,
International orange (engineering),#BA160C,186,23,13,
International orange (Golden Gate Bridge),#C0362C,191,54,43,
Irresistible,#B3446C,179,69,107,
Isabelline,#F4F0EC,245,240,237,
Italian sky blue,#B2FFFF,179,255,255,
Ivory,#FFFFF0,255,255,240,
Japanese carmine,#9D2933,158,41,51,
Japanese violet,#5B3256,92,51,87,
Jasmine,#F8DE7E,247,222,125,
Jazzberry jam,#A50B5E,166,10,94,
Jet,#343434,51,51,51,
Jonquil,#F4CA16,245,201,23,
June bud,#BDDA57,189,217,87,
Jungle green,#29AB87,41,171,135,
Kelly green,#4CBB17,77,186,23,
Keppel,#3AB09E,59,176,158,
Key lime,#E8F48C,232,245,140,
Khaki (web),#C3B091,194,176,145,
Khaki (X11) (Light khaki),#F0E68C,240,230,140,
Kobe,#882D17,135,46,23,
Kobi,#E79FC4,232,158,196,
Kobicha,#6B4423,107,69,36,
KSU purple,#512888,79,38,130,
Languid lavender,#D6CADD,214,201,222,
Lapis lazuli,#26619C,38,97,156,
Laser lemon,#FFFF66,255,255,102,
Laurel green,#A9BA9D,168,186,158,
Lava,#CF1020,207,15,33,
Lavender (floral),#B57EDC,181,125,219,
Lavender (web),#E6E6FA,230,230,250,
Lavender blue,#CCCCFF,204,204,255,
Lavender blush,#FFF0F5,255,240,245,
Lavender gray,#C4C3D0,196,194,209,
Lawn green,#7CFC00,125,252,0,
Lemon,#FFF700,255,247,0,
Lemon chiffon,#FFFACD,255,250,204,
Lemon curry,#CCA01D,204,161,28,
Lemon glacier,#FDFF00,252,255,0,
Lemon meringue,#F6EABE,245,235,191,
Lemon yellow,#FFF44F,255,245,79,
Lemon yellow (Crayola),#FFFF9F,255,255,158,
Liberty,#545AA7,84,89,166,
Light blue,#ADD8E6,173,217,230,
Light coral,#F08080,240,128,128,
Light cornflower blue,#93CCEA,148,204,235,
Light cyan,#E0FFFF,224,255,255,
Light French beige,#C8AD7F,199,173,128,
Light goldenrod yellow,#FAFAD2,250,250,209,
Light gray,#D3D3D3,212,212,212,
Light green,#90EE90,143,237,143,
Light orange,#FED8B1,255,217,176,
Light periwinkle,#C5CBE1,196,204,224,
Light pink,#FFB6C1,255,181,194,
Light salmon,#FFA07A,255,161,122,
Light sea green,#20B2AA,33,179,171,
Light sky blue,#87CEFA,135,207,250,
Light slate gray,#778899,120,135,153,
Light steel blue,#B0C4DE,176,196,222,
Light yellow,#FFFFE0,255,255,224,
Lilac,#C8A2C8,199,163,199,
Lilac Luster,#AE98AA,173,153,171,
Lime (color wheel),#BFFF00,191,255,0,
Lime (web) (X11 green),#00FF00,0,255,0,
Lime green,#32CD32,51,204,51,
Lincoln green,#195905,26,89,5,
Linen,#FAF0E6,250,240,230,
Lion,#DECC9C,222,204,156,
Liseran purple,#DE6FA1,222,112,161,
Little boy blue,#6CA0DC,107,161,219,
Liver,#674C47,102,77,71,
Liver (dogs),#B86D29,184,110,41,
Liver (organ),#6C2E1F,107,46,31,
Liver chestnut,#987456,153,115,87,
Livid,#6699CC,102,153,204,
Macaroni and Cheese,#FFBD88,255,189,135,
Madder Lake,#CC3336,204,51,54,
Magenta,#FF00FF,255,0,255,
Magenta (Crayola),#F653A6,245,84,166,
Magenta (dye),#CA1F7B,201,31,122,
Magenta (Pantone),#D0417E,209,64,125,
Magenta (process),#FF0090,255,0,143,
Magenta haze,#9F4576,158,69,117,
Magic mint,#AAF0D1,171,240,209,
Magnolia,#F2E8D7,242,232,214,
Mahogany,#C04000,191,64,0,
Maize,#FBEC5D,250,237,92,
Maize (Crayola),#F2C649,242,199,74,
Majorelle blue,#6050DC,97,79,219,
Malachite,#0BDA51,10,217,82,
Manatee,#979AAA,150,153,171,
Mandarin,#F37A48,242,122,71,
Mango,#FDBE02,252,191,3,
Mango Tango,#FF8243,255,130,66,
Mantis,#74C365,115,194,102,
Mardi Gras,#880085,135,0,133,
Marigold,#EAA221,235,163,33,
Maroon (Crayola),#C32148,194,33,71,
Maroon (web),#800000,128,0,0,
Maroon (X11),#B03060,176,48,97,
Mauve,#E0B0FF,224,176,255,
Mauve taupe,#915F6D,145,94,110,
Mauvelous,#EF98AA,240,153,171,
Maximum blue,#47ABCC,71,171,204,
Maximum blue green,#30BFBF,48,191,191,
Maximum blue purple,#ACACE6,171,171,230,
Maximum green,#5E8C31,94,140,48,
Maximum green yellow,#D9E650,217,230,79,
Maximum purple,#733380,115,51,128,
Maximum red,#D92121,217,33,33,
Maximum red purple,#A63A79,166,59,120,
Maximum yellow,#FAFA37,250,250,56,
Maximum yellow red,#F2BA49,242,186,74,
May green,#4C9141,77,145,64,
Maya blue,#73C2FB,115,194,250,
Medium aquamarine,#66DDAA,102,222,171,
Medium blue,#0000CD,0,0,204,
Medium candy apple red,#E2062C,227,5,43,
Medium carmine,#AF4035,176,64,54,
Medium champagne,#F3E5AB,242,230,171,
Medium orchid,#BA55D3,186,84,212,
Medium purple,#9370DB,148,112,219,
Medium sea green,#3CB371,61,179,112,
Medium slate blue,#7B68EE,122,105,237,
Medium spring green,#00FA9A,0,250,153,
Medium turquoise,#48D1CC,71,209,204,
Medium violet-red,#C71585,199,20,133,
Mellow apricot,#F8B878,247,184,120,
Mellow yellow,#F8DE7E,247,222,125,
Melon,#FEBAAD,255,186,173,
Metallic gold,#D3AF37,212,176,56,
Metallic Seaweed,#0A7E8C,10,125,140,
Metallic Sunburst,#9C7C38,156,125,56,
Mexican pink,#E4007C,227,0,125,
Middle blue,#7ED4E6,125,212,230,
Middle blue green,#8DD9CC,140,217,204,
Middle blue purple,#8B72BE,140,115,191,
Middle grey,#8B8680,140,135,128,
Middle green,#4D8C57,77,140,87,
Middle green yellow,#ACBF60,171,191,97,
Middle purple,#D982B5,217,130,181,
Middle red,#E58E73,230,143,115,
Middle red purple,#A55353,166,84,84,
Middle yellow,#FFEB00,255,235,0,
Middle yellow red,#ECB176,237,176,117,
Midnight,#702670,112,38,112,
Midnight blue,#191970,26,26,112,
Midnight green (eagle green),#004953,0,74,84,
Mikado yellow,#FFC40C,255,196,13,
Mimi pink,#FFDAE9,255,217,232,
Mindaro,#E3F988,227,250,135,
Ming,#36747D,54,115,125,
Minion yellow,#F5E050,245,219,79,
Mint,#3EB489,61,181,138,
Mint cream,#F5FFFA,245,255,250,
Mint green,#98FF98,153,255,153,
Misty moss,#BBB477,186,181,120,
Misty rose,#FFE4E1,255,227,224,
Mode beige,#967117,150,112,23,
Mona Lisa,#FF948E,255,148,143,
Morning blue,#8DA399,140,163,153,
Moss green,#8A9A5B,138,153,92,
Mountain Meadow,#30BA8F,48,186,143,
Mountbatten pink,#997A8D,153,122,140,
MSU green,#18453B,23,69,59,
Mulberry,#C54B8C,196,74,140,
Mulberry (Crayola),#C8509B,199,79,156,
Mustard,#FFDB58,255,219,89,
Myrtle green,#317873,48,120,115,
Mystic,#D65282,214,82,130,
Mystic maroon,#AD4379,173,66,120,
Nadeshiko pink,#F6ADC6,245,173,199,
Naples yellow,#FADA5E,250,217,94,
Navajo white,#FFDEAD,255,222,173,
Navy blue,#000080,0,0,128,
Navy blue (Crayola),#1974D2,26,115,209,
Neon blue,#4666FF,69,102,255,
Neon green,#39FF14,56,255,20,
Neon fuchsia,#FE4164,255,64,99,
New York pink,#D7837F,214,130,128,
Nickel,#727472,115,115,115,
Non-photo blue,#A4DDED,163,222,237,
Nyanza,#E9FFDB,232,255,219,
Ochre,#CC7722,204,120,33,
Old burgundy,#43302E,66,48,46,
Old gold,#CFB53B,207,181,59,
Old lace,#FDF5E6,252,245,230,
Old lavender,#796878,120,105,120,
Old mauve,#673147,102,48,71,
Old rose,#C08081,191,128,130,
Old silver,#848482,133,133,130,
Olive,#808000,128,128,0,
Olive Drab (#3),#6B8E23,107,143,36,
Olive Drab #7,#3C341F,61,51,31,
Olive green,#B5B35C,181,179,92,
Olivine,#9AB973,153,186,115,
Onyx,#353839,54,56,56,
Opal,#A8C3BC,168,194,189,
Opera mauve,#B784A7,184,133,166,
Orange,#FF7F00,255,128,0,
Orange (Crayola),#FF7538,255,117,56,
Orange (Pantone),#FF5800,255,89,0,
Orange (web),#FFA500,255,166,0,
Orange peel,#FF9F00,255,158,0,
Orange-red,#FF681F,255,105,31,
Orange-red (Crayola),#FF5349,255,84,74,
Orange soda,#FA5B3D,250,92,61,
Orange-yellow,#F5BD1F,245,189,31,
Orange-yellow (Crayola),#F8D568,247,214,105,
Orchid,#DA70D6,217,112,214,
Orchid pink,#F2BDCD,242,189,204,
Orchid (Crayola),#E29CD2,227,156,209,
Outer space (Crayola),#2D383A,46,56,59,
Outrageous Orange,#FF6E4A,255,110,74,
Oxblood,#4A0000,74,0,0,
Oxford blue,#002147,0,33,71,
OU Crimson red,#841617,133,23,23,
Pacific blue,#1CA9C9,28,168,201,
Pakistan green,#006600,0,102,0,
Palatinate purple,#682860,105,41,97,
Pale aqua,#BED3E5,191,212,230,
Pale cerulean,#9BC4E2,156,196,227,
Pale Dogwood,#ED7A9B,237,122,156,
Pale pink,#FADADD,250,217,222,
Pale purple (Pantone),#FAE6FA,250,230,250,
Pale spring bud,#ECEBBD,237,235,189,
Pansy purple,#78184A,120,23,74,
Paolo Veronese green,#009B7D,0,156,125,
Papaya whip,#FFEFD5,255,240,214,
Paradise pink,#E63E62,230,61,97,
Parchment,#F1E9D2,242,232,209,
Paris Green,#50C878,79,199,120,
Pastel pink,#DEA5A4,222,166,163,
Patriarch,#800080,128,0,128,
Paua,#1F005E,31,0,94,
Payne's grey,#536878,84,105,120,
Peach,#FFE5B4,255,230,181,
Peach (Crayola),#FFCBA4,255,204,163,
Peach puff,#FFDAB9,255,217,186,
Pear,#D1E231,209,227,48,
Pearly purple,#B768A2,184,105,163,
Periwinkle,#CCCCFF,204,204,255,
Periwinkle (Crayola),#C3CDE6,194,204,230,
Permanent Geranium Lake,#E12C2C,224,43,43,
Persian blue,#1C39BB,28,56,186,
Persian green,#00A693,0,166,148,
Persian indigo,#32127A,51,18,122,
Persian orange,#D99058,217,143,89,
Persian pink,#F77FBE,247,128,191,
Persian plum,#701C1C,112,28,28,
Persian red,#CC3333,204,51,51,
Persian rose,#FE28A2,255,41,163,
Persimmon,#EC5800,237,89,0,
Pewter Blue,#8BA8B7,140,168,184,
Phlox,#DF00FF,222,0,255,
Phthalo blue,#000F89,0,15,138,
Phthalo green,#123524,18,54,36,
Picotee blue,#2E2787,46,38,135,
Pictorial carmine,#C30B4E,194,10,79,
Piggy pink,#FDDDE6,252,222,230,
Pine green,#01796F,0,120,112,
Pine tree,#2A2F23,41,46,36,
Pink,#FFC0CB,255,191,204,
Pink (Pantone),#D74894,214,71,148,
Pink lace,#FFDDF4,255,222,245,
Pink lavender,#D8B2D1,217,179,209,
Pink Sherbet,#F78FA7,247,143,166,
Pistachio,#93C572,148,196,115,
Platinum,#E5E4E2,230,227,227,
Plum,#8E4585,143,69,133,
Plum (web),#DDA0DD,222,161,222,
Plump Purple,#5946B2,89,69,179,
Polished Pine,#5DA493,92,163,148,
Pomp and Power,#86608E,135,97,143,
Popstar,#BE4F62,191,79,97,
Portland Orange,#FF5A36,255,89,54,
Powder blue,#B0E0E6,176,224,230,
Princeton orange,#F58025,245,128,38,
Process yellow,#FFEF00,255,240,0,
Prune,#701C1C,112,28,28,
Prussian blue,#003153,0,48,84,
Psychedelic purple,#DF00FF,222,0,255,
Puce,#CC8899,204,135,153,
Pullman Brown (UPS Brown),#644117,99,64,23,
Pumpkin,#FF7518,255,117,23,
Purple,#6A0DAD,97,0,128,
Purple (web),#800080,128,0,128,
Purple (Munsell),#9F00C5,158,0,196,
Purple (X11),#A020F0,161,33,240,
Purple mountain majesty,#9678B6,150,120,181,
Purple navy,#4E5180,79,82,128,
Purple pizzazz,#FE4EDA,255,79,217,
Purple Plum,#9C51B6,156,82,181,
Purpureus,#9A4EAE,153,79,173,
Queen blue,#436B95,66,107,148,
Queen pink,#E8CCD7,232,204,214,
Quick Silver,#A6A6A6,166,166,166,
Quinacridone magenta,#8E3A59,143,59,89,
Radical Red,#FF355E,255,54,94,
Raisin black,#242124,36,33,36,
Rajah,#FBAB60,250,171,97,
Raspberry,#E30B5D,227,10,92,
Raspberry glacé,#915F6D,145,94,110,
Raspberry rose,#B3446C,179,69,107,
Raw sienna,#D68A59,214,138,89,
Raw umber,#826644,130,102,69,
Razzle dazzle rose,#FF33CC,255,51,204,
Razzmatazz,#E3256B,227,38,107,
Razzmic Berry,#8D4E85,140,79,133,
Rebecca Purple,#663399,102,51,153,
Red,#FF0000,255,0,0,
Red (Crayola),#EE204D,237,33,77,
Red (Munsell),#F2003C,242,0,61,
Red (NCS),#C40233,196,3,51,
Red (Pantone),#ED2939,237,41,56,
Red (pigment),#ED1C24,237,28,36,
Red (RYB),#FE2712,255,38,18,
Red-orange,#FF5349,255,84,74,
Red-orange (Crayola),#FF681F,255,105,31,
Red-orange (Color wheel),#FF4500,255,69,0,
Red-purple,#E40078,227,0,120,
Red Salsa,#FD3A4A,252,59,74,
Red-violet,#C71585,199,20,133,
Red-violet (Crayola),#C0448F,191,69,143,
Red-violet (Color wheel),#922B3E,145,43,61,
Redwood,#A45A52,163,89,82,
Resolution blue,#002387,0,36,135,
Rhythm,#777696,120,117,150,
Rich black,#004040,0,64,64,
Rich black (FOGRA29),#010B13,0,10,18,
Rich black (FOGRA39),#010203,0,3,3,
Rifle green,#444C38,69,77,56,
Robin egg blue,#00CCCC,0,204,204,
Rocket metallic,#8A7F80,138,128,128,
Rojo Spanish red,#A91101,168,18,0,
Roman silver,#838996,130,138,150,
Rose,#FF007F,255,0,128,
Rose bonbon,#F9429E,250,66,158,
Rose Dust,#9E5E6F,158,94,112,
Rose ebony,#674846,102,71,69,
Rose madder,#E32636,227,38,54,
Rose pink,#FF66CC,255,102,204,
Rose Pompadour,#ED7A9B,237,122,156,
Rose red,#C21E56,194,31,87,
Rose taupe,#905D5D,143,92,92,
Rose vale,#AB4E52,171,79,82,
Rosewood,#65000B,102,0,10,
Rosso corsa,#D40000,212,0,0,
Rosy brown,#BC8F8F,189,143,143,
Royal blue (dark),#002366,0,36,102,
Royal blue (light),#4169E1,64,105,224,
Royal purple,#7851A9,120,82,168,
Royal yellow,#FADA5E,250,217,94,
Ruber,#CE4676,207,69,117,
Rubine red,#D10056,209,0,87,
Ruby,#E0115F,224,18,94,
Ruby red,#9B111E,156,18,31,
Rufous,#A81C07,168,28,8,
Russet,#80461B,128,69,28,
Russian green,#679267,102,145,102,
Russian violet,#32174D,51,23,77,
Rust,#B7410E,184,64,13,
Rusty red,#DA2C43,217,43,66,
Sacramento State green,#043927,5,56,38,
Saddle brown,#8B4513,140,69,18,
Safety orange,#FF7800,255,120,0,
Safety orange (blaze orange),#FF6700,255,102,0,
Safety yellow,#EED202,237,209,3,
Saffron,#F4C430,245,196,48,
Sage,#BCB88A,189,184,138,
St. Patrick's blue,#23297A,36,41,122,
Salmon,#FA8072,250,128,115,
Salmon pink,#FF91A4,255,145,163,
Sand,#C2B280,194,179,128,
Sand dune,#967117,150,112,23,
Sandy brown,#F4A460,245,163,97,
Sap green,#507D2A,79,125,41,
Sapphire,#0F52BA,15,82,186,
Sapphire blue,#0067A5,0,102,166,
Sapphire (Crayola),#2D5DA1,46,92,161,
Satin sheen gold,#CBA135,204,161,54,
Scarlet,#FF2400,255,36,0,
Schauss pink,#FF91AF,255,145,176,
School bus yellow,#FFD800,255,217,0,
Screamin' Green,#66FF66,102,255,102,
Sea green,#2E8B57,46,140,87,
Sea green (Crayola),#00FFCD,0,255,204,
Seance,#612086,97,33,135,
Seal brown,#59260B,51,20,20,
Seashell,#FFF5EE,255,245,237,
Secret,#764374,117,66,115,
Selective yellow,#FFBA00,255,186,0,
Sepia,#704214,112,66,20,
Shadow,#8A795D,138,120,92,
Shadow blue,#778BA5,120,140,166,
Shamrock green,#009E60,0,158,97,
Sheen green,#8FD400,143,212,0,
Shimmering Blush,#D98695,217,135,148,
Shiny Shamrock,#5FA778,94,166,120,
Shocking pink,#FC0FC0,252,15,191,
Shocking pink (Crayola),#FF6FFF,255,112,255,
Sienna,#882D17,135,46,23,
Silver,#C0C0C0,191,191,191,
Silver (Crayola),#C9C0BB,201,191,186,
Silver (Metallic),#AAA9AD,171,168,173,
Silver chalice,#ACACAC,171,171,171,
Silver pink,#C4AEAD,196,173,173,
Silver sand,#BFC1C2,191,194,194,
Sinopia,#CB410B,204,64,10,
Sizzling Red,#FF3855,255,56,84,
Sizzling Sunrise,#FFDB00,255,219,0,
Skobeloff,#007474,0,115,115,
Sky blue,#87CEEB,135,207,235,
Sky blue (Crayola),#76D7EA,117,214,235,
Sky magenta,#CF71AF,207,112,176,
Slate blue,#6A5ACD,107,89,204,
Slate gray,#708090,112,128,143,
Slimy green,#299617,41,150,23,
Smitten,#C84186,199,64,135,
Smoky black,#100C08,15,13,8,
Snow,#FFFAFA,255,250,250,
Solid pink,#893843,138,56,66,
Sonic silver,#757575,117,117,117,
Space cadet,#1D2951,28,41,82,
Spanish bistre,#807532,128,117,51,
Spanish blue,#0070B8,0,112,184,
Spanish carmine,#D10047,209,0,71,
Spanish gray,#989898,153,153,153,
Spanish green,#009150,0,145,79,
Spanish orange,#E86100,232,97,0,
Spanish pink,#F7BFBE,247,191,191,
Spanish red,#E60026,230,0,38,
Spanish sky blue,#00FFFE,0,255,255,
Spanish violet,#4C2882,77,41,130,
Spanish viridian,#007F5C,0,128,92,
Spring bud,#A7FC00,166,252,0,
Spring Frost,#87FF2A,135,255,41,
Spring green,#00FF7F,0,255,128,
Spring green (Crayola),#ECEBBD,237,235,189,
Star command blue,#007BB8,0,122,184,
Steel blue,#4682B4,69,130,181,
Steel pink,#CC33CC,204,51,204,
Stil de grain yellow,#FADA5E,250,217,94,
Straw,#E4D96F,227,217,112,
Strawberry,#FA5053,250,79,84,
Strawberry Blonde,#FF9361,255,148,97,
Strong Lime Green,#33CC33,51,204,51,
Sugar Plum,#914E75,145,79,117,
Sunglow,#FFCC33,255,204,51,
Sunray,#E3AB57,227,171,87,
Sunset,#FAD6A5,250,214,166,
Super pink,#CF6BA9,207,107,168,
Sweet Brown,#A83731,168,56,48,
Syracuse Orange,#D44500,212,69,0,
Tan,#D2B48C,209,181,140,
Tan (Crayola),#D99A6C,217,153,107,
Tangerine,#F28500,242,133,0,
Tango pink,#E4717A,227,112,122,
Tart Orange,#FB4D46,250,77,69,
Taupe,#483C32,71,61,51,
Taupe gray,#8B8589,140,133,138,
Tea green,#D0F0C0,209,240,191,
Tea rose,#F4C2C2,245,194,194,
Teal,#008080,0,128,128,
Teal blue,#367588,54,117,135,
Telemagenta,#CF3476,207,51,117,
Tenné (tawny),#CD5700,204,87,0,
Terra cotta,#E2725B,227,115,92,
Thistle,#D8BFD8,217,191,217,
Thulian pink,#DE6FA1,222,112,161,
Tickle Me Pink,#FC89AC,252,138,171,
Tiffany Blue,#0ABAB5,10,186,181,
Timberwolf,#DBD7D2,219,214,209,
Titanium yellow,#EEE600,237,230,0,
Tomato,#FF6347,255,99,71,
Tourmaline,#86A1A9,135,161,168,
Tropical rainforest,#00755E,0,117,94,
True Blue,#2D68C4,0,115,207,
Trypan Blue,#1C05B3,28,5,179,
Tufts blue,#3E8EDE,61,143,222,
Tumbleweed,#DEAA88,222,171,135,
Turquoise,#40E0D0,64,224,209,
Turquoise blue,#00FFEF,0,255,240,
Turquoise green,#A0D6B4,161,214,181,
Turtle green,#8A9A5B,138,153,92,
Tuscan,#FAD6A5,250,214,166,
Tuscan brown,#6F4E37,112,79,56,
Tuscan red,#7C4848,125,71,71,
Tuscan tan,#A67B5B,166,122,92,
Tuscany,#C09999,191,153,153,
Twilight lavender,#8A496B,138,74,107,
Tyrian purple,#66023C,102,3,61,
UA blue,#0033AA,0,51,171,
UA red,#D9004C,217,0,77,
Ultramarine,#3F00FF,18,10,143,
Ultramarine blue,#4166F5,64,102,245,
Ultra pink,#FF6FFF,255,112,255,
Ultra red,#FC6C85,252,107,133,
Umber,#635147,99,82,71,
Unbleached silk,#FFDDCA,255,222,201,
United Nations blue,#5B92E5,92,145,230,
University of Pennsylvania red,#A50021,166,0,33,
Unmellow yellow,#FFFF66,255,255,102,
UP Forest green,#014421,0,69,33,
UP maroon,#7B1113,122,18,18,
Upsdell red,#AE2029,173,33,41,
Uranian blue,#AFDBF5,176,219,245,
USAFA blue,#004F98,0,79,153,
Van Dyke brown,#664228,102,66,41,
Vanilla,#F3E5AB,242,230,171,
Vanilla ice,#F38FA9,242,143,168,
Vegas gold,#C5B358,196,179,89,
Venetian red,#C80815,199,8,20,
Verdigris,#43B3AE,66,179,173,
Vermilion,#E34234,227,66,51,
Vermilion,#D9381E,217,56,31,
Veronica,#A020F0,161,33,240,
Violet,#8F00FF,143,0,255,
Violet (color wheel),#7F00FF,128,0,255,
Violet (crayola),#963D7F,150,61,128,
Violet (RYB),#8601AF,135,0,176,
Violet (web),#EE82EE,237,130,237,
Violet-blue,#324AB2,51,74,179,
Violet-blue (Crayola),#766EC8,117,110,199,
Violet-red,#F75394,247,84,148,
Violet-red(PerBang),#F0599C,240,89,156,
Viridian,#40826D,64,130,110,
Viridian green,#009698,0,150,153,
Vivid burgundy,#9F1D35,158,28,54,
Vivid sky blue,#00CCFF,0,204,255,
Vivid tangerine,#FFA089,255,161,138,
Vivid violet,#9F00FF,158,0,255,
Volt,#CEFF00,204,255,0,
Warm black,#004242,0,66,66,
Weezy Blue,#189BCC,23,156,204,
Wheat,#F5DEB3,245,222,179,
White,#FFFFFF,255,255,255,
Wild blue yonder,#A2ADD0,163,173,209,
Wild orchid,#D470A2,212,112,163,
Wild Strawberry,#FF43A4,255,66,163,
Wild watermelon,#FC6C85,252,107,133,
Windsor tan,#A75502,166,84,3,
Wine,#722F37,115,46,56,
Wine dregs,#673147,102,48,71,
Winter Sky,#FF007C,255,0,125,
Wintergreen Dream,#56887D,87,135,125,
Wisteria,#C9A0DC,201,161,219,
Wood brown,#C19A6B,194,153,107,
Xanadu,#738678,115,135,120,
Xanthic,#EEED09,237,237,10,
Xanthous,#F1B42F,242,181,46,
Yale Blue,#00356B,0,54,107,
Yellow,#FFFF00,255,255,0,
Yellow (Crayola),#FCE883,252,232,130,
Yellow (Munsell),#EFCC00,240,204,0,
Yellow (NCS),#FFD300,255,212,0,
Yellow (Pantone),#FEDF00,255,222,0,
Yellow (process),#FFEF00,255,240,0,
Yellow (RYB),#FEFE33,255,255,51,
Yellow-green,#9ACD32,153,204,51,
Yellow-green (Crayola),#C5E384,196,227,133,
Yellow-green (Color Wheel),#30B21A,48,179,26,
Yellow Orange,#FFAE42,255,173,66,
Yellow Orange (Color Wheel),#FF9505,255,148,5,
Yellow Sunshine,#FFF700,255,247,0,
YInMn Blue,#2E5090,46,79,143,
Zaffre,#0014A8,0,20,168,
Zomp,#39A78E,56,166,143,
Grey,545454,84,84,84,N
"Grey, Silver",C0C0C0,192,192,192,V
grey,BEBEBE,190,190,190,X
LightGray,D3D3D3,211,211,211,X
LightSlateGrey,778899,119,136,153,X
SlateGray,708090,112,128,144,X
SlateGray1,C6E2FF,198,226,255,X
SlateGray2,B9D3EE,185,211,238,X
SlateGray3,9FB6CD,159,182,205,X
SlateGray4,6C7B8B,108,123,139,X
black,000000,0,0,0,"N,V,X"
grey0,000000,0,0,0,X
grey1,030303,3,3,3,X
grey2,050505,5,5,5,X
grey3,080808,8,8,8,X
grey4,0A0A0A,10,10,10,X
grey5,0D0D0D,13,13,13,X
grey6,0F0F0F,15,15,15,X
grey7,121212,18,18,18,X
grey8,141414,20,20,20,X
grey9,171717,23,23,23,X
grey10,1A1A1A,26,26,26,X
grey11,1C1C1C,28,28,28,X
grey12,1F1F1F,31,31,31,X
grey13,212121,33,33,33,X
,222222,34,34,34,
grey14,242424,36,36,36,X
grey15,262626,38,38,38,X
grey16,292929,41,41,41,X
grey17,2B2B2B,43,43,43,X
grey18,2E2E2E,46,46,46,X
grey19,303030,48,48,48,X
grey20,333333,51,51,51,X
grey21,363636,54,54,54,X
grey22,383838,56,56,56,X
grey23,3B3B3B,59,59,59,X
grey24,3D3D3D,61,61,61,X
grey25,404040,64,64,64,X
grey26,424242,66,66,66,X
grey27,454545,69,69,69,X
grey28,474747,71,71,71,X
grey29,4A4A4A,74,74,74,X
grey30,4D4D4D,77,77,77,X
grey31,4F4F4F,79,79,79,X
grey32,525252,82,82,82,X
grey33,545454,84,84,84,X
,555555,85,85,85,
grey34,575757,87,87,87,X
grey35,595959,89,89,89,X
grey36,5C5C5C,92,92,92,X
grey37,5E5E5E,94,94,94,X
grey38,616161,97,97,97,X
grey39,636363,99,99,99,X
grey40,666666,102,102,102,X
"grey41, DimGrey",696969,105,105,105,X
grey42,6B6B6B,107,107,107,X
grey43,6E6E6E,110,110,110,X
grey44,707070,112,112,112,X
grey45,737373,115,115,115,X
grey46,757575,117,117,117,X
,777777,119,119,119,
grey47,787878,120,120,120,X
grey48,7A7A7A,122,122,122,X
grey49,7D7D7D,125,125,125,X
grey50,7F7F7F,127,127,127,X
grey51,828282,130,130,130,X
grey52,858585,133,133,133,X
grey53,878787,135,135,135,X
,888888,136,136,136,
grey54,8A8A8A,138,138,138,X
grey55,8C8C8C,140,140,140,X
grey56,8F8F8F,143,143,143,X
grey57,919191,145,145,145,X
grey58,949494,148,148,148,X
grey59,969696,150,150,150,X
grey60,999999,153,153,153,X
grey61,9C9C9C,156,156,156,X
grey62,9E9E9E,158,158,158,X
grey63,A1A1A1,161,161,161,X
grey64,A3A3A3,163,163,163,X
grey65,A6A6A6,166,166,166,X
grey66,A8A8A8,168,168,168,X
grey67,ABABAB,171,171,171,X
grey68,ADADAD,173,173,173,X
grey69,B0B0B0,176,176,176,X
grey70,B3B3B3,179,179,179,X
grey71,B5B5B5,181,181,181,X
grey72,B8B8B8,184,184,184,X
,BBBBBB,187,187,187,
grey73,BABABA,186,186,186,X
grey74,BDBDBD,189,189,189,X
grey75,BFBFBF,191,191,191,X
grey76,C2C2C2,194,194,194,X
grey77,C4C4C4,196,196,196,X
grey78,C7C7C7,199,199,199,X
grey79,C9C9C9,201,201,201,X
grey80,CCCCCC,204,204,204,X
grey81,CFCFCF,207,207,207,X
grey82,D1D1D1,209,209,209,X
grey83,D4D4D4,212,212,212,X
grey84,D6D6D6,214,214,214,X
grey85,D9D9D9,217,217,217,X
grey86,DBDBDB,219,219,219,X
grey87,DEDEDE,222,222,222,X
,DDDDDD,221,221,221,
grey88,E0E0E0,224,224,224,X
grey89,E3E3E3,227,227,227,X
grey90,E5E5E5,229,229,229,X
grey91,E8E8E8,232,232,232,X
grey92,EBEBEB,235,235,235,X
grey93,EDEDED,237,237,237,X
,EEEEEE,238,238,238,
grey94,F0F0F0,240,240,240,X
grey95,F2F2F2,242,242,242,X
grey96,F5F5F5,245,245,245,X
grey97,F7F7F7,247,247,247,X
grey98,FAFAFA,250,250,250,X
grey99,FCFCFC,252,252,252,X
"grey100, White",FFFFFF,255,255,255,X
Dark Slate Grey,2F4F4F,47,79,79,N
Dim Grey,545454,84,84,84,N
Very Light Grey,CDCDCD,205,205,205,N
Free Speech Grey,635688,99,86,136,F
AliceBlue,F0F8FF,240,248,255,X
BlueViolet,8A2BE2,138,43,226,X
Cadet Blue,5F9F9F,95,159,159,N
CadetBlue,5F9EA0,95,158,160,X
CadetBlue,5F9EA0,95,158,160,X
CadetBlue1,98F5FF,152,245,255,X
CadetBlue2,8EE5EE,142,229,238,X
CadetBlue3,7AC5CD,122,197,205,X
CadetBlue4,53868B,83,134,139,X
Corn Flower Blue,42426F,66,66,111,N
CornflowerBlue,6495ED,100,149,237,X
DarkSlateBlue,483D8B,72,61,139,X
DarkTurquoise,00CED1,0,206,209,X
DeepSkyBlue,00BFFF,0,191,255,X
DeepSkyBlue1,00BFFF,0,191,255,X
DeepSkyBlue2,00B2EE,0,178,238,X
DeepSkyBlue3,009ACD,0,154,205,X
DeepSkyBlue4,00688B,0,104,139,X
DodgerBlue,1E90FF,30,144,255,X
DodgerBlue1,1E90FF,30,144,255,X
DodgerBlue2,1C86EE,28,134,238,X
DodgerBlue3,1874CD,24,116,205,X
DodgerBlue4,104E8B,16,78,139,X
,AABBCC,170,187,204,
LightBlue,ADD8E6,173,216,230,X
LightBlue1,BFEFFF,191,239,255,X
LightBlue2,B2DFEE,178,223,238,X
LightBlue3,9AC0CD,154,192,205,X
LightBlue4,68838B,104,131,139,X
LightCyan,E0FFFF,224,255,255,X
LightCyan1,E0FFFF,224,255,255,X
LightCyan2,D1EEEE,209,238,238,X
LightCyan3,B4CDCD,180,205,205,X
LightCyan4,7A8B8B,122,139,139,X
LightSkyBlue,87CEFA,135,206,250,X
LightSkyBlue1,B0E2FF,176,226,255,X
LightSkyBlue2,A4D3EE,164,211,238,X
LightSkyBlue3,8DB6CD,141,182,205,X
LightSkyBlue4,607B8B,96,123,139,X
LightSlateBlue,8470FF,132,112,255,X
,99CCFF,153,204,255,
LightSteelBlue,B0C4DE,176,196,222,X
LightSteelBlue1,CAE1FF,202,225,255,X
LightSteelBlue2,BCD2EE,188,210,238,X
LightSteelBlue3,A2B5CD,162,181,205,X
LightSteelBlue4,6E7B8B,110,123,139,X
Aquamarine,70DB93,112,219,147,N
MediumBlue,0000CD,0,0,205,X
MediumSlateBlue,7B68EE,123,104,238,X
MediumTurquoise,48D1CC,72,209,204,X
MidnightBlue,191970,25,25,112,X
NavyBlue,000080,0,0,128,X
PaleTurquoise,AFEEEE,175,238,238,X
PaleTurquoise1,BBFFFF,187,255,255,X
PaleTurquoise2,AEEEEE,174,238,238,X
PaleTurquoise3,96CDCD,150,205,205,X
PaleTurquoise4,668B8B,102,139,139,X
PowderBlue,B0E0E6,176,224,230,X
RoyalBlue,4169E1,65,105,225,X
RoyalBlue1,4876FF,72,118,255,X
RoyalBlue2,436EEE,67,110,238,X
RoyalBlue3,3A5FCD,58,95,205,X
RoyalBlue4,27408B,39,64,139,X
RoyalBlue5,002266,0,34,102,X
SkyBlue,87CEEB,135,206,235,X
SkyBlue1,87CEFF,135,206,255,X
SkyBlue2,7EC0EE,126,192,238,X
SkyBlue3,6CA6CD,108,166,205,X
SkyBlue4,4A708B,74,112,139,X
SlateBlue,6A5ACD,106,90,205,X
SlateBlue1,836FFF,131,111,255,X
SlateBlue2,7A67EE,122,103,238,X
SlateBlue3,6959CD,105,89,205,X
SlateBlue4,473C8B,71,60,139,X
SteelBlue,4682B4,70,130,180,X
SteelBlue1,63B8FF,99,184,255,X
SteelBlue2,5CACEE,92,172,238,X
SteelBlue3,4F94CD,79,148,205,X
SteelBlue4,36648B,54,100,139,X
,336699,51,102,153,
,3399CC,51,153,204,
,6699CC,102,153,204,
aquamarine,7FFFD4,127,255,212,X
aquamarine1,7FFFD4,127,255,212,X
aquamarine2,76EEC6,118,238,198,X
"aquamarine3, MediumAquamarine",66CDAA,102,205,170,X
aquamarine4,458B74,69,139,116,X
azure,F0FFFF,240,255,255,X
azure1,F0FFFF,240,255,255,X
azure2,E0EEEE,224,238,238,X
azure3,C1CDCD,193,205,205,X
azure4,838B8B,131,139,139,X
blue,0000FF,0,0,255,"N,V,X"
blue1,0000FF,0,0,255,X
blue2,0000EE,0,0,238,X
blue3,0000CD,0,0,205,X
blue4,00008B,0,0,139,X
aqua,00FFFF,0,255,255,V
True Iris Blue,03B4CC,3,180,204,
cyan,00FFFF,0,255,255,"N,X"
cyan1,00FFFF,0,255,255,X
cyan2,00EEEE,0,238,238,X
cyan3,00CDCD,0,205,205,X
cyan4,008B8B,0,139,139,X
navy,000080,0,0,128,"V,X"
teal,008080,0,128,128,V
turquoise,40E0D0,64,224,208,X
turquoise1,00F5FF,0,245,255,X
turquoise2,00E5EE,0,229,238,X
turquoise3,00C5CD,0,197,205,X
turquoise4,00868B,0,134,139,X
DarkSlateGray,2F4F4F,47,79,79,X
DarkSlateGray1,97FFFF,151,255,255,X
DarkSlateGray2,8DEEEE,141,238,238,X
DarkSlateGray3,79CDCD,121,205,205,X
DarkSlateGray4,528B8B,82,139,139,X
Dark Slate Blue,241882,36,24,130,N
Dark Turquoise,7093DB,112,147,219,N
Medium Slate Blue,7F00FF,127,0,255,N
Medium Turquoise,70DBDB,112,219,219,N
Midnight Blue,2F2F4F,47,47,79,N
Navy Blue,23238E,35,35,142,N
Neon Blue,4D4DFF,77,77,255,N
New Midnight Blue,00009C,0,0,156,N
Rich Blue,5959AB,89,89,171,N
Sky Blue,3299CC,50,153,204,N
Slate Blue,007FFF,0,127,255,N
Summer Sky,38B0DE,56,176,222,N
Iris Blue,03B4C8,3,180,200,
Free Speech Blue,4156C5,65,86,197,F
RosyBrown,BC8F8F,188,143,143,X
RosyBrown1,FFC1C1,255,193,193,X
RosyBrown2,EEB4B4,238,180,180,X
RosyBrown3,CD9B9B,205,155,155,X
RosyBrown4,8B6969,139,105,105,X
SaddleBrown,8B4513,139,69,19,X
SandyBrown,F4A460,244,164,96,X
beige,F5F5DC,245,245,220,X
brown,A52A2A,165,42,42,X
brown,A62A2A,166,42,42,N
brown1,FF4040,255,64,64,X
brown2,EE3B3B,238,59,59,X
brown3,CD3333,205,51,51,X
brown4,8B2323,139,35,35,X
dark brown,5C4033,92,64,51,N
burlywood,DEB887,222,184,135,X
burlywood1,FFD39B,255,211,155,X
burlywood2,EEC591,238,197,145,X
burlywood3,CDAA7D,205,170,125,X
burlywood4,8B7355,139,115,85,X
baker's chocolate,5C3317,92,51,23,N
chocolate,D2691E,210,105,30,X
chocolate1,FF7F24,255,127,36,X
chocolate2,EE7621,238,118,33,X
chocolate3,CD661D,205,102,29,X
chocolate4,8B4513,139,69,19,X
peru,CD853F,205,133,63,X
tan,D2B48C,210,180,140,X
tan1,FFA54F,255,165,79,X
tan2,EE9A49,238,154,73,X
tan3,CD853F,205,133,63,X
tan4,8B5A2B,139,90,43,X
Dark Tan,97694F,151,105,79,N
Dark Wood,855E42,133,94,66,N
Light Wood,856363,133,99,99,N
Medium Wood,A68064,166,128,100,N
New Tan,EBC79E,235,199,158,N
Semi-Sweet Chocolate,6B4226,107,66,38,N
Sienna,8E6B23,142,107,35,N
Tan,DB9370,219,147,112,N
Very Dark Brown,5C4033,92,64,51,N
Dark Green,2F4F2F,47,79,47,N
DarkGreen,006400,0,100,0,X
dark green copper,4A766E,74,118,110,N
DarkKhaki,BDB76B,189,183,107,X
DarkOliveGreen,556B2F,85,107,47,X
DarkOliveGreen1,CAFF70,202,255,112,X
DarkOliveGreen2,BCEE68,188,238,104,X
DarkOliveGreen3,A2CD5A,162,205,90,X
DarkOliveGreen4,6E8B3D,110,139,61,X
olive,808000,128,128,0,V
DarkSeaGreen,8FBC8F,143,188,143,X
DarkSeaGreen1,C1FFC1,193,255,193,X
DarkSeaGreen2,B4EEB4,180,238,180,X
DarkSeaGreen3,9BCD9B,155,205,155,X
DarkSeaGreen4,698B69,105,139,105,X
ForestGreen,228B22,34,139,34,X
GreenYellow,ADFF2F,173,255,47,X
LawnGreen,7CFC00,124,252,0,X
LightSeaGreen,20B2AA,32,178,170,X
LimeGreen,32CD32,50,205,50,X
MediumSeaGreen,3CB371,60,179,113,X
MediumSpringGreen,00FA9A,0,250,154,X
MintCream,F5FFFA,245,255,250,X
OliveDrab,6B8E23,107,142,35,X
OliveDrab1,C0FF3E,192,255,62,X
OliveDrab2,B3EE3A,179,238,58,X
OliveDrab3,9ACD32,154,205,50,X
OliveDrab4,698B22,105,139,34,X
PaleGreen,98FB98,152,251,152,X
PaleGreen1,9AFF9A,154,255,154,X
PaleGreen2,90EE90,144,238,144,X
PaleGreen3,7CCD7C,124,205,124,X
PaleGreen4,548B54,84,139,84,X
"SeaGreen, SeaGreen4",2E8B57,46,139,87,X
SeaGreen1,54FF9F,84,255,159,X
SeaGreen2,4EEE94,78,238,148,X
SeaGreen3,43CD80,67,205,128,X
SpringGreen,00FF7F,0,255,127,X
SpringGreen1,00FF7F,0,255,127,X
SpringGreen2,00EE76,0,238,118,X
SpringGreen3,00CD66,0,205,102,X
SpringGreen4,008B45,0,139,69,X
YellowGreen,9ACD32,154,205,50,X
chartreuse,7FFF00,127,255,0,X
chartreuse1,7FFF00,127,255,0,X
chartreuse2,76EE00,118,238,0,X
chartreuse3,66CD00,102,205,0,X
chartreuse4,458B00,69,139,0,X
green,00FF00,0,255,0,"N,X"
green,008000,0,128,0,V
lime,00FF00,0,255,0,V
green1,00FF00,0,255,0,X
green2,00EE00,0,238,0,X
green3,00CD00,0,205,0,X
green4,008B00,0,139,0,X
khaki,F0E68C,240,230,140,X
khaki1,FFF68F,255,246,143,X
khaki2,EEE685,238,230,133,X
khaki3,CDC673,205,198,115,X
khaki4,8B864E,139,134,78,X
Dark Olive Green,4F4F2F,79,79,47,N
Green Yellow,D19275,209,146,117,N
Hunter Green,8E2323,142,35,35,N
"Forest Green, Khaki, Medium Aquamarine",238E23,35,142,35,N
Medium Forest Green,DBDB70,219,219,112,N
Medium Sea Green,426F42,66,111,66,N
Medium Spring Green,7FFF00,127,255,0,N
Pale Green,8FBC8F,143,188,143,N
Sea Green,238E68,35,142,104,N
Spring Green,00FF7F,0,255,127,N
Free Speech Green,09F911,9,249,17,F
Free Speech Aquamarine,029D74,2,157,116,F
DarkOrange,FF8C00,255,140,0,X
DarkOrange1,FF7F00,255,127,0,X
DarkOrange2,EE7600,238,118,0,X
DarkOrange3,CD6600,205,102,0,X
DarkOrange4,8B4500,139,69,0,X
DarkSalmon,E9967A,233,150,122,X
LightCoral,F08080,240,128,128,X
LightSalmon,FFA07A,255,160,122,X
LightSalmon1,FFA07A,255,160,122,X
LightSalmon2,EE9572,238,149,114,X
LightSalmon3,CD8162,205,129,98,X
LightSalmon4,8B5742,139,87,66,X
PeachPuff,FFDAB9,255,218,185,X
PeachPuff1,FFDAB9,255,218,185,X
PeachPuff2,EECBAD,238,203,173,X
PeachPuff3,CDAF95,205,175,149,X
PeachPuff4,8B7765,139,119,101,X
bisque,FFE4C4,255,228,196,X
bisque1,FFE4C4,255,228,196,X
bisque2,EED5B7,238,213,183,X
bisque3,CDB79E,205,183,158,X
bisque4,8B7D6B,139,125,107,X
coral,FF7F00,255,127,0,N
coral,FF7F50,255,127,80,X
coral1,FF7256,255,114,86,X
coral2,EE6A50,238,106,80,X
coral3,CD5B45,205,91,69,X
coral4,8B3E2F,139,62,47,X
honeydew,F0FFF0,240,255,240,X
honeydew1,F0FFF0,240,255,240,X
honeydew2,E0EEE0,224,238,224,X
honeydew3,C1CDC1,193,205,193,X
honeydew4,838B83,131,139,131,X
orange,FFA500,255,165,0,X
orange1,FFA500,255,165,0,X
orange2,EE9A00,238,154,0,X
orange3,CD8500,205,133,0,X
orange4,8B5A00,139,90,0,X
salmon,FA8072,250,128,114,X
salmon1,FF8C69,255,140,105,X
salmon2,EE8262,238,130,98,X
salmon3,CD7054,205,112,84,X
salmon4,8B4C39,139,76,57,X
sienna,A0522D,160,82,45,X
sienna1,FF8247,255,130,71,X
sienna2,EE7942,238,121,66,X
sienna3,CD6839,205,104,57,X
sienna4,8B4726,139,71,38,X
Mandarian Orange,8E2323,142,35,35,N
Orange,FF7F00,255,127,0,N
Orange Red,FF2400,255,36,0,N
DeepPink,FF1493,255,20,147,X
DeepPink1,FF1493,255,20,147,X
DeepPink2,EE1289,238,18,137,X
DeepPink3,CD1076,205,16,118,X
DeepPink4,8B0A50,139,10,80,X
HotPink,FF69B4,255,105,180,X
HotPink1,FF6EB4,255,110,180,X
HotPink2,EE6AA7,238,106,167,X
HotPink3,CD6090,205,96,144,X
HotPink4,8B3A62,139,58,98,X
IndianRed,CD5C5C,205,92,92,X
IndianRed1,FF6A6A,255,106,106,X
IndianRed2,EE6363,238,99,99,X
IndianRed3,CD5555,205,85,85,X
IndianRed4,8B3A3A,139,58,58,X
LightPink,FFB6C1,255,182,193,X
LightPink1,FFAEB9,255,174,185,X
LightPink2,EEA2AD,238,162,173,X
LightPink3,CD8C95,205,140,149,X
LightPink4,8B5F65,139,95,101,X
MediumVioletRed,C71585,199,21,133,X
MistyRose,FFE4E1,255,228,225,X
MistyRose1,FFE4E1,255,228,225,X
MistyRose2,EED5D2,238,213,210,X
MistyRose3,CDB7B5,205,183,181,X
MistyRose4,8B7D7B,139,125,123,X
OrangeRed,FF4500,255,69,0,X
OrangeRed1,FF4500,255,69,0,X
OrangeRed2,EE4000,238,64,0,X
OrangeRed3,CD3700,205,55,0,X
OrangeRed4,8B2500,139,37,0,X
PaleVioletRed,DB7093,219,112,147,X
PaleVioletRed1,FF82AB,255,130,171,X
PaleVioletRed2,EE799F,238,121,159,X
PaleVioletRed3,CD6889,205,104,137,X
PaleVioletRed4,8B475D,139,71,93,X
VioletRed,D02090,208,32,144,X
VioletRed1,FF3E96,255,62,150,X
VioletRed2,EE3A8C,238,58,140,X
VioletRed3,CD3278,205,50,120,X
VioletRed4,8B2252,139,34,82,X
firebrick,B22222,178,34,34,X
firebrick1,FF3030,255,48,48,X
firebrick2,EE2C2C,238,44,44,X
firebrick3,CD2626,205,38,38,X
firebrick4,8B1A1A,139,26,26,X
pink,FFC0CB,255,192,203,X
pink1,FFB5C5,255,181,197,X
pink2,EEA9B8,238,169,184,X
pink3,CD919E,205,145,158,X
pink4,8B636C,139,99,108,X
Flesh,F5CCB0,245,204,176,N
Feldspar,D19275,209,146,117,N
,CC3333,204,51,51,
red,FF0000,255,0,0,"N,V,X"
red1,FF0000,255,0,0,X
red2,EE0000,238,0,0,X
red3,CD0000,205,0,0,X
red4,8B0000,139,0,0,X
tomato,FF6347,255,99,71,X
tomato1,FF6347,255,99,71,X
tomato2,EE5C42,238,92,66,X
tomato3,CD4F39,205,79,57,X
tomato4,8B3626,139,54,38,X
Dusty Rose,856363,133,99,99,N
Firebrick,8E2323,142,35,35,N
Indian Red,F5CCB0,245,204,176,N
Pink,BC8F8F,188,143,143,N
Salmon,6F4242,111,66,66,N
Scarlet,8C1717,140,23,23,N
Spicy Pink,FF1CAE,255,28,174,N
Free Speech Magenta,E35BD8,227,91,216,F
Free Speech Red,C00000,192,0,0,F
DarkOrchid,9932CC,153,50,204,X
DarkOrchid1,BF3EFF,191,62,255,X
DarkOrchid2,B23AEE,178,58,238,X
DarkOrchid3,9A32CD,154,50,205,X
DarkOrchid4,68228B,104,34,139,X
DarkViolet,9400D3,148,0,211,X
LavenderBlush,FFF0F5,255,240,245,X
LavenderBlush1,FFF0F5,255,240,245,X
LavenderBlush2,EEE0E5,238,224,229,X
LavenderBlush3,CDC1C5,205,193,197,X
LavenderBlush4,8B8386,139,131,134,X
MediumOrchid,BA55D3,186,85,211,X
MediumOrchid1,E066FF,224,102,255,X
MediumOrchid2,D15FEE,209,95,238,X
MediumOrchid3,B452CD,180,82,205,X
MediumOrchid4,7A378B,122,55,139,X
MediumPurple,9370DB,147,112,219,X
Medium Orchid,9370DB,147,112,219,N
MediumPurple1,AB82FF,171,130,255,X
Dark Orchid,9932CD,153,50,205,N
MediumPurple2,9F79EE,159,121,238,X
MediumPurple3,8968CD,137,104,205,X
MediumPurple4,5D478B,93,71,139,X
lavender,E6E6FA,230,230,250,X
magenta,FF00FF,255,0,255,"N,X"
fuchsia,FF00FF,255,0,255,V
magenta1,FF00FF,255,0,255,X
magenta2,EE00EE,238,0,238,X
magenta3,CD00CD,205,0,205,X
magenta4,8B008B,139,0,139,X
maroon,B03060,176,48,96,X
maroon1,FF34B3,255,52,179,X
maroon2,EE30A7,238,48,167,X
maroon3,CD2990,205,41,144,X
maroon4,8B1C62,139,28,98,X
orchid,DA70D6,218,112,214,X
Orchid,DB70DB,219,112,219,N
orchid1,FF83FA,255,131,250,X
orchid2,EE7AE9,238,122,233,X
orchid3,CD69C9,205,105,201,X
orchid4,8B4789,139,71,137,X
plum,DDA0DD,221,160,221,X
plum1,FFBBFF,255,187,255,X
plum2,EEAEEE,238,174,238,X
plum3,CD96CD,205,150,205,X
plum4,8B668B,139,102,139,X
,9966CC,153,102,204,
purple,A020F0,160,32,240,X
purple,800080,128,0,128,V
purple1,9B30FF,155,48,255,X
purple2,912CEE,145,44,238,X
purple3,7D26CD,125,38,205,X
purple4,551A8B,85,26,139,X
thistle,D8BFD8,216,191,216,X
thistle1,FFE1FF,255,225,255,X
thistle2,EED2EE,238,210,238,X
thistle3,CDB5CD,205,181,205,X
thistle4,8B7B8B,139,123,139,X
violet,EE82EE,238,130,238,X
violet blue,9F5F9F,159,95,159,N
Dark Purple,871F78,135,31,120,N
Maroon,800000,128,0,0,V
Medium Violet Red,DB7093,219,112,147,N
Neon Pink,FF6EC7,255,110,199,N
Plum,EAADEA,234,173,234,N
Thistle,D8BFD8,216,191,216,N
Turquoise,ADEAEA,173,234,234,N
Violet,4F2F4F,79,47,79,N
Violet Red,CC3299,204,50,153,N
AntiqueWhite,FAEBD7,250,235,215,X
AntiqueWhite1,FFEFDB,255,239,219,X
AntiqueWhite2,EEDFCC,238,223,204,X
AntiqueWhite3,CDC0B0,205,192,176,X
AntiqueWhite4,8B8378,139,131,120,X
FloralWhite,FFFAF0,255,250,240,X
GhostWhite,F8F8FF,248,248,255,X
NavajoWhite,FFDEAD,255,222,173,X
NavajoWhite1,FFDEAD,255,222,173,X
NavajoWhite2,EECFA1,238,207,161,X
NavajoWhite3,CDB38B,205,179,139,X
NavajoWhite4,8B795E,139,121,94,X
OldLace,FDF5E6,253,245,230,X
WhiteSmoke,F5F5F5,245,245,245,X
gainsboro,DCDCDC,220,220,220,X
ivory,FFFFF0,255,255,240,X
ivory1,FFFFF0,255,255,240,X
ivory2,EEEEE0,238,238,224,X
ivory3,CDCDC1,205,205,193,X
ivory4,8B8B83,139,139,131,X
linen,FAF0E6,250,240,230,X
seashell,FFF5EE,255,245,238,X
seashell1,FFF5EE,255,245,238,X
seashell2,EEE5DE,238,229,222,X
seashell3,CDC5BF,205,197,191,X
seashell4,8B8682,139,134,130,X
snow,FFFAFA,255,250,250,X
snow1,FFFAFA,255,250,250,X
snow2,EEE9E9,238,233,233,X
snow3,CDC9C9,205,201,201,X
snow4,8B8989,139,137,137,X
wheat,F5DEB3,245,222,179,X
wheat1,FFE7BA,255,231,186,X
wheat2,EED8AE,238,216,174,X
wheat3,CDBA96,205,186,150,X
wheat4,8B7E66,139,126,102,X
white,FFFFFF,255,255,255,"N,V,X"
Quartz,D9D9F3,217,217,243,N
Wheat,D8D8BF,216,216,191,N
BlanchedAlmond,FFEBCD,255,235,205,X
DarkGoldenrod,B8860B,184,134,11,X
DarkGoldenrod1,FFB90F,255,185,15,X
DarkGoldenrod2,EEAD0E,238,173,14,X
DarkGoldenrod3,CD950C,205,149,12,X
DarkGoldenrod4,8B6508,139,101,8,X
LemonChiffon,FFFACD,255,250,205,X
LemonChiffon1,FFFACD,255,250,205,X
LemonChiffon2,EEE9BF,238,233,191,X
LemonChiffon3,CDC9A5,205,201,165,X
LemonChiffon4,8B8970,139,137,112,X
LightGoldenrod,EEDD82,238,221,130,X
LightGoldenrod1,FFEC8B,255,236,139,X
LightGoldenrod2,EEDC82,238,220,130,X
LightGoldenrod3,CDBE70,205,190,112,X
LightGoldenrod4,8B814C,139,129,76,X
LightGoldenrodYellow,FAFAD2,250,250,210,X
LightYellow,FFFFE0,255,255,224,X
LightYellow1,FFFFE0,255,255,224,X
LightYellow2,EEEED1,238,238,209,X
LightYellow3,CDCDB4,205,205,180,X
LightYellow4,8B8B7A,139,139,122,X
PaleGoldenrod,EEE8AA,238,232,170,X
PapayaWhip,FFEFD5,255,239,213,X
cornsilk,FFF8DC,255,248,220,X
cornsilk1,FFF8DC,255,248,220,X
cornsilk2,EEE8CD,238,232,205,X
cornsilk3,CDC8B1,205,200,177,X
cornsilk4,8B8878,139,136,120,X
goldenrod,DAA520,218,165,32,X
goldenrod1,FFC125,255,193,37,X
goldenrod2,EEB422,238,180,34,X
goldenrod3,CD9B1D,205,155,29,X
goldenrod4,8B6914,139,105,20,X
moccasin,FFE4B5,255,228,181,X
yellow,FFFF00,255,255,0,"N,V,X"
yellow1,FFFF00,255,255,0,X
yellow2,EEEE00,238,238,0,X
yellow3,CDCD00,205,205,0,X
yellow4,8B8B00,139,139,0,X
gold,FFD700,255,215,0,X
gold1,FFD700,255,215,0,X
gold2,EEC900,238,201,0,X
gold3,CDAD00,205,173,0,X
gold4,8B7500,139,117,0,X
Goldenrod,DBDB70,219,219,112,N
Medium Goldenrod,EAEAAE,234,234,174,N
Yellow Green,99CC32,153,204,50,N
copper,B87333,184,115,51,N
cool copper,D98719,217,135,25,N
Green Copper,856363,133,99,99,N
brass,B5A642,181,166,66,N
bronze,8C7853,140,120,83,N
bronze II,A67D3D,166,125,61,N
bright gold,D9D919,217,217,25,N
Old Gold,CFB53B,207,181,59,N
CSS Gold,CC9900,204,153,0,
gold,CD7F32,205,127,50,N
silver,E6E8FA,230,232,250,N
"Silver, Grey",C0C0C0,192,192,192,V
Light Steel Blue,545454,84,84,84,N
Steel Blue,236B8E,35,107,142,N